净值日期,单位净值
2019-09-24 16:00:00,3.4822
2019-09-25 16:00:00,3.4334
2019-09-26 16:00:00,3.4139
2019-09-29 16:00:00,3.4057
2019-10-07 16:00:00,3.4007
2019-10-08 16:00:00,3.4443
2019-10-09 16:00:00,3.4246
2019-10-10 16:00:00,3.4063
2019-10-13 16:00:00,3.3596
2019-10-14 16:00:00,3.372
2019-10-15 16:00:00,3.3625
2019-10-16 16:00:00,3.3756
2019-10-17 16:00:00,3.3647
2019-10-20 16:00:00,3.3685
2019-10-21 16:00:00,3.3623
2019-10-22 16:00:00,3.3666
2019-10-23 16:00:00,3.3603
2019-10-24 16:00:00,3.3979
2019-10-27 16:00:00,3.3963
2019-10-28 16:00:00,3.3668
2019-10-29 16:00:00,3.3582
2019-10-30 16:00:00,3.3631
2019-10-31 16:00:00,3.3924
2019-11-03 16:00:00,3.3849
2019-11-04 16:00:00,3.3696
2019-11-05 16:00:00,3.3209
2019-11-06 16:00:00,3.3195
2019-11-07 16:00:00,3.2748
2019-11-10 16:00:00,3.27
2019-11-11 16:00:00,3.2393
2019-11-12 16:00:00,3.2696
2019-11-13 16:00:00,3.2803
2019-11-14 16:00:00,3.2717
2019-11-17 16:00:00,3.2686
2019-11-18 16:00:00,3.285
2019-11-19 16:00:00,3.2962
2019-11-20 16:00:00,3.2945
2019-11-21 16:00:00,3.2984
2019-11-24 16:00:00,3.2688
2019-11-25 16:00:00,3.2685
2019-11-26 16:00:00,3.2745
2019-11-27 16:00:00,3.2657
2019-11-28 16:00:00,3.2762
2019-12-01 16:00:00,3.2726
2019-12-02 16:00:00,3.289
2019-12-03 16:00:00,3.3502
2019-12-04 16:00:00,3.3236
2019-12-05 16:00:00,3.305
2019-12-08 16:00:00,3.2823
2019-12-09 16:00:00,3.2928
2019-12-10 16:00:00,3.2859
2019-12-11 16:00:00,3.3055
2019-12-12 16:00:00,3.2762
2019-12-15 16:00:00,3.3001
2019-12-16 16:00:00,3.2958
2019-12-17 16:00:00,3.3011
2019-12-18 16:00:00,3.294
2019-12-19 16:00:00,3.3071
2019-12-22 16:00:00,3.3189
2019-12-23 16:00:00,3.3277
2019-12-24 16:00:00,3.3434
2019-12-25 16:00:00,3.3554
2019-12-26 16:00:00,3.362
2019-12-29 16:00:00,3.3615
2019-12-30 16:00:00,3.3658
2020-01-01 16:00:00,3.3757
2020-01-02 16:00:00,3.4287
2020-01-05 16:00:00,3.5004
2020-01-06 16:00:00,3.4688
2020-01-07 16:00:00,3.5209
2020-01-08 16:00:00,3.4144
2020-01-09 16:00:00,3.4235
2020-01-12 16:00:00,3.4129
2020-01-13 16:00:00,3.3853
2020-01-14 16:00:00,3.4054
2020-01-15 16:00:00,3.4101
2020-01-16 16:00:00,3.4032
2020-01-19 16:00:00,3.4075
2020-01-20 16:00:00,3.4371
2020-01-21 16:00:00,3.4138
2020-01-22 16:00:00,3.4334
2020-02-02 16:00:00,3.5143
2020-02-03 16:00:00,3.4939
2020-02-04 16:00:00,3.4705
2020-02-05 16:00:00,3.4477
2020-02-06 16:00:00,3.4715
2020-02-09 16:00:00,3.4831
2020-02-10 16:00:00,3.4774
2020-02-11 16:00:00,3.4623
2020-02-12 16:00:00,3.4875
2020-02-13 16:00:00,3.4909
2020-02-16 16:00:00,3.5055
2020-02-17 16:00:00,3.5245
2020-02-18 16:00:00,3.5627
2020-02-19 16:00:00,3.5743
2020-02-20 16:00:00,3.6479
2020-02-23 16:00:00,3.718
2020-02-24 16:00:00,3.6453
2020-02-25 16:00:00,3.6671
2020-02-26 16:00:00,3.6625
2020-02-27 16:00:00,3.6039
2020-03-01 16:00:00,3.5412
2020-03-02 16:00:00,3.5371
2020-03-03 16:00:00,3.5999
2020-03-04 16:00:00,3.6145
2020-03-05 16:00:00,3.6729
2020-03-08 16:00:00,3.6832
2020-03-09 16:00:00,3.6196
2020-03-10 16:00:00,3.6489
2020-03-11 16:00:00,3.6142
2020-03-12 16:00:00,3.5107
2020-03-15 16:00:00,3.4019
2020-03-16 16:00:00,3.2642
2020-03-17 16:00:00,3.3363
2020-03-18 16:00:00,3.3138
2020-03-19 16:00:00,3.352
2020-03-22 16:00:00,3.344
2020-03-23 16:00:00,3.5169
2020-03-24 16:00:00,3.5792
2020-03-25 16:00:00,3.5693
2020-03-26 16:00:00,3.6034
2020-03-29 16:00:00,3.5885
2020-03-30 16:00:00,3.5914
2020-03-31 16:00:00,3.5481
2020-04-01 16:00:00,3.5537
2020-04-02 16:00:00,3.5737
2020-04-06 16:00:00,3.6581
2020-04-07 16:00:00,3.6487
2020-04-08 16:00:00,3.6504
2020-04-09 16:00:00,3.6686
2020-04-12 16:00:00,3.6665
2020-04-13 16:00:00,3.7163
2020-04-14 16:00:00,3.6873
2020-04-15 16:00:00,3.7288
2020-04-16 16:00:00,3.6467
2020-04-19 16:00:00,3.6498
2020-04-20 16:00:00,3.6923
2020-04-21 16:00:00,3.6812
2020-04-22 16:00:00,3.7337
2020-04-23 16:00:00,3.7566
2020-04-26 16:00:00,3.7494
2020-04-27 16:00:00,3.7158
2020-04-28 16:00:00,3.7262
2020-04-29 16:00:00,3.754
2020-05-05 16:00:00,3.7474
2020-05-06 16:00:00,3.743
2020-05-07 16:00:00,3.7788
2020-05-10 16:00:00,3.7567
2020-05-11 16:00:00,3.7539
2020-05-12 16:00:00,3.755
2020-05-13 16:00:00,3.7785
2020-05-14 16:00:00,3.8309
2020-05-17 16:00:00,3.9233
2020-05-18 16:00:00,3.866
2020-05-19 16:00:00,3.9086
2020-05-20 16:00:00,3.8621
2020-05-21 16:00:00,3.8619
2020-05-24 16:00:00,3.855
2020-05-25 16:00:00,3.873
2020-05-26 16:00:00,3.8416
2020-05-27 16:00:00,3.8653
2020-05-28 16:00:00,3.8606
2020-05-31 16:00:00,3.9005
2020-06-01 16:00:00,3.8888
2020-06-02 16:00:00,3.8534
2020-06-03 16:00:00,3.8201
2020-06-04 16:00:00,3.8202
2020-06-07 16:00:00,3.7839
2020-06-08 16:00:00,3.7878
2020-06-09 16:00:00,3.8299
2020-06-10 16:00:00,3.8594
2020-06-11 16:00:00,3.8521
2020-06-14 16:00:00,3.8267
2020-06-15 16:00:00,3.8366
2020-06-16 16:00:00,3.8455
2020-06-17 16:00:00,3.8393
2020-06-18 16:00:00,3.8471
2020-06-21 16:00:00,3.8784
2020-06-22 16:00:00,3.8846
2020-06-23 16:00:00,3.9088
2020-06-28 16:00:00,3.9102
2020-06-29 16:00:00,3.9163
2020-06-30 16:00:00,3.9459
2020-07-01 16:00:00,3.8992
2020-07-02 16:00:00,3.9139
2020-07-05 16:00:00,3.908
2020-07-06 16:00:00,3.9128
2020-07-07 16:00:00,3.9317
2020-07-08 16:00:00,3.9573
2020-07-09 16:00:00,3.9349
2020-07-12 16:00:00,3.9489
2020-07-13 16:00:00,3.9405
2020-07-14 16:00:00,3.9413
2020-07-15 16:00:00,3.9351
2020-07-16 16:00:00,3.9118
2020-07-19 16:00:00,3.9242
2020-07-20 16:00:00,3.9531
2020-07-21 16:00:00,4.0399
2020-07-22 16:00:00,4.0614
2020-07-23 16:00:00,4.1125
2020-07-26 16:00:00,4.2004
2020-07-27 16:00:00,4.1848
2020-07-28 16:00:00,4.2029
2020-07-29 16:00:00,4.1537
2020-07-30 16:00:00,4.221
2020-08-02 16:00:00,4.2084
2020-08-03 16:00:00,4.2123
2020-08-04 16:00:00,4.3249
2020-08-05 16:00:00,4.3589
2020-08-06 16:00:00,4.3888
2020-08-09 16:00:00,4.3479
2020-08-10 16:00:00,4.2604
2020-08-11 16:00:00,4.0042
2020-08-12 16:00:00,4.0586
2020-08-13 16:00:00,4.0952
2020-08-16 16:00:00,4.1383
2020-08-17 16:00:00,4.2302
2020-08-18 16:00:00,4.1711
2020-08-19 16:00:00,4.0883
2020-08-20 16:00:00,4.0827
2020-08-23 16:00:00,4.0878
2020-08-24 16:00:00,4.0628
2020-08-25 16:00:00,4.0586
2020-08-26 16:00:00,4.1076
2020-08-27 16:00:00,4.113
2020-08-30 16:00:00,4.1217
2020-08-31 16:00:00,4.1699
2020-09-01 16:00:00,4.115
2020-09-02 16:00:00,4.0759
2020-09-03 16:00:00,4.0788
2020-09-06 16:00:00,4.0642
2020-09-07 16:00:00,4.0763
2020-09-08 16:00:00,4.0785
2020-09-09 16:00:00,4.1049
2020-09-10 16:00:00,4.0937
2020-09-13 16:00:00,4.0863
2020-09-14 16:00:00,4.1013
2020-09-15 16:00:00,4.0953
2020-09-16 16:00:00,4.0678
2020-09-17 16:00:00,4.0854
2020-09-20 16:00:00,4.0832
2020-09-21 16:00:00,3.9881
2020-09-22 16:00:00,3.9404
2020-09-23 16:00:00,3.8863
2020-09-24 16:00:00,3.9329
2020-09-27 16:00:00,3.9252
2020-09-28 16:00:00,3.97
2020-09-29 16:00:00,3.9627
2020-10-08 16:00:00,3.9762
2020-10-11 16:00:00,4.0182
2020-10-12 16:00:00,3.9975
2020-10-13 16:00:00,3.9595
2020-10-14 16:00:00,3.9547
2020-10-15 16:00:00,3.9707
2020-10-18 16:00:00,3.9746
2020-10-19 16:00:00,3.9427
2020-10-20 16:00:00,3.9716
2020-10-21 16:00:00,3.9707
2020-10-22 16:00:00,3.958
2020-10-25 16:00:00,3.9402
2020-10-26 16:00:00,3.9705
2020-10-27 16:00:00,3.9762
2020-10-28 16:00:00,3.9254
2020-10-29 16:00:00,3.9029
2020-11-01 16:00:00,3.9295
2020-11-02 16:00:00,3.9459
2020-11-03 16:00:00,3.9565
2020-11-04 16:00:00,3.9541
2020-11-05 16:00:00,3.9986
2020-11-08 16:00:00,3.992
2020-11-09 16:00:00,3.8971
2020-11-10 16:00:00,3.8933
2020-11-11 16:00:00,3.8748
2020-11-12 16:00:00,3.8894
2020-11-15 16:00:00,3.8899
2020-11-16 16:00:00,3.8878
2020-11-17 16:00:00,3.8671
2020-11-18 16:00:00,3.8457
2020-11-19 16:00:00,3.8514
2020-11-22 16:00:00,3.8473
2020-11-23 16:00:00,3.7656
2020-11-24 16:00:00,3.7175
2020-11-25 16:00:00,3.7212
2020-11-26 16:00:00,3.7089
2020-11-29 16:00:00,3.6386
2020-11-30 16:00:00,3.6629
2020-12-01 16:00:00,3.7163
2020-12-02 16:00:00,3.7604
2020-12-03 16:00:00,3.7642
2020-12-06 16:00:00,3.7561
2020-12-07 16:00:00,3.7984
2020-12-08 16:00:00,3.7785
2020-12-09 16:00:00,3.7459
2020-12-10 16:00:00,3.7469
2020-12-13 16:00:00,3.7364
2020-12-14 16:00:00,3.7686
2020-12-15 16:00:00,3.7853
2020-12-16 16:00:00,3.8163
2020-12-17 16:00:00,3.8331
2020-12-20 16:00:00,3.8879
2020-12-21 16:00:00,3.8318
2020-12-22 16:00:00,3.8292
2020-12-23 16:00:00,3.8324
2020-12-24 16:00:00,3.8502
2020-12-27 16:00:00,3.8445
2020-12-28 16:00:00,3.8343
2020-12-29 16:00:00,3.8321
2020-12-30 16:00:00,3.8306
2021-01-03 16:00:00,3.907
2021-01-04 16:00:00,3.936
2021-01-05 16:00:00,3.9328
2021-01-06 16:00:00,3.9108
2021-01-07 16:00:00,3.8862
2021-01-10 16:00:00,3.7783
2021-01-11 16:00:00,3.8073
2021-01-12 16:00:00,3.7935
2021-01-13 16:00:00,3.7669
2021-01-14 16:00:00,3.7826
2021-01-17 16:00:00,3.7747
2021-01-18 16:00:00,3.7778
2021-01-19 16:00:00,3.7953
2021-01-20 16:00:00,3.8223
2021-01-21 16:00:00,3.8087
2021-01-24 16:00:00,3.7881
2021-01-25 16:00:00,3.8018
2021-01-26 16:00:00,3.7816
2021-01-27 16:00:00,3.7519
2021-01-28 16:00:00,3.773
2021-01-31 16:00:00,3.8118
2021-02-01 16:00:00,3.7771
2021-02-02 16:00:00,3.7517
2021-02-03 16:00:00,3.7233
2021-02-04 16:00:00,3.6914
2021-02-07 16:00:00,3.7139
2021-02-08 16:00:00,3.7547
2021-02-09 16:00:00,3.7572
2021-02-17 16:00:00,3.6501
2021-02-18 16:00:00,3.6362
2021-02-21 16:00:00,3.674
2021-02-22 16:00:00,3.7083
2021-02-23 16:00:00,3.701
2021-02-24 16:00:00,3.6598
2021-02-25 16:00:00,3.6122
2021-02-28 16:00:00,3.6028
2021-03-01 16:00:00,3.5347
2021-03-02 16:00:00,3.5512
2021-03-03 16:00:00,3.5208
2021-03-04 16:00:00,3.4883
2021-03-07 16:00:00,3.5204
2021-03-08 16:00:00,3.5083
2021-03-09 16:00:00,3.5411
2021-03-10 16:00:00,3.5784
2021-03-11 16:00:00,3.527
2021-03-14 16:00:00,3.5585
2021-03-15 16:00:00,3.5625
2021-03-16 16:00:00,3.5764
2021-03-17 16:00:00,3.5973
2021-03-18 16:00:00,3.5948
2021-03-21 16:00:00,3.5732
2021-03-22 16:00:00,3.5905
2021-03-23 16:00:00,3.5751
2021-03-24 16:00:00,3.5854
2021-03-25 16:00:00,3.5797
2021-03-28 16:00:00,3.5824
2021-03-29 16:00:00,3.5361
2021-03-30 16:00:00,3.4983
2021-03-31 16:00:00,3.5734
2021-04-01 16:00:00,3.6081
2021-04-05 16:00:00,3.5914
2021-04-06 16:00:00,3.6085
2021-04-07 16:00:00,3.6189
2021-04-08 16:00:00,3.6283
2021-04-11 16:00:00,3.613
2021-04-12 16:00:00,3.5833
2021-04-13 16:00:00,3.6129
2021-04-14 16:00:00,3.6119
2021-04-15 16:00:00,3.644
2021-04-18 16:00:00,3.6723
2021-04-19 16:00:00,3.6403
2021-04-20 16:00:00,3.6717
2021-04-21 16:00:00,3.6771
2021-04-22 16:00:00,3.6633
2021-04-25 16:00:00,3.6534
2021-04-26 16:00:00,3.6548
2021-04-27 16:00:00,3.6257
2021-04-28 16:00:00,3.6495
2021-04-29 16:00:00,3.6349
2021-05-05 16:00:00,3.6775
2021-05-06 16:00:00,3.721
2021-05-09 16:00:00,3.7295
2021-05-10 16:00:00,3.7295
2021-05-11 16:00:00,3.7351
2021-05-12 16:00:00,3.7168
2021-05-13 16:00:00,3.7335
2021-05-16 16:00:00,3.7768
2021-05-17 16:00:00,3.8026
2021-05-18 16:00:00,3.8087
2021-05-19 16:00:00,3.8117
2021-05-20 16:00:00,3.8142
2021-05-23 16:00:00,3.8278
2021-05-24 16:00:00,3.8165
2021-05-25 16:00:00,3.8509
2021-05-26 16:00:00,3.8245
2021-05-27 16:00:00,3.808
2021-05-30 16:00:00,3.8301
2021-05-31 16:00:00,3.8535
2021-06-01 16:00:00,3.7994
2021-06-02 16:00:00,3.7746
2021-06-03 16:00:00,3.7456
2021-06-06 16:00:00,3.7631
2021-06-07 16:00:00,3.773
2021-06-08 16:00:00,3.7797
2021-06-09 16:00:00,3.7673
2021-06-10 16:00:00,3.7993
2021-06-14 16:00:00,3.7401
2021-06-15 16:00:00,3.7313
2021-06-16 16:00:00,3.662
2021-06-17 16:00:00,3.6323
2021-06-20 16:00:00,3.6281
2021-06-21 16:00:00,3.6377
2021-06-22 16:00:00,3.6413
2021-06-23 16:00:00,3.6258
2021-06-24 16:00:00,3.6293
2021-06-27 16:00:00,3.6333
2021-06-28 16:00:00,3.615
2021-06-29 16:00:00,3.5809
2021-06-30 16:00:00,3.6242
2021-07-01 16:00:00,3.6323
2021-07-04 16:00:00,3.646
2021-07-05 16:00:00,3.68
2021-07-06 16:00:00,3.6742
2021-07-07 16:00:00,3.6801
2021-07-08 16:00:00,3.6868
2021-07-11 16:00:00,3.6763
2021-07-12 16:00:00,3.6884
2021-07-13 16:00:00,3.6966
2021-07-14 16:00:00,3.7238
2021-07-15 16:00:00,3.7115
2021-07-18 16:00:00,3.6846
2021-07-19 16:00:00,3.7039
2021-07-20 16:00:00,3.6897
2021-07-21 16:00:00,3.6698
2021-07-22 16:00:00,3.6828
2021-07-25 16:00:00,3.6954
2021-07-26 16:00:00,3.6836
2021-07-27 16:00:00,3.698
2021-07-28 16:00:00,3.7061
2021-07-29 16:00:00,3.7268
2021-08-01 16:00:00,3.6813
2021-08-02 16:00:00,3.6876
2021-08-03 16:00:00,3.6929
2021-08-04 16:00:00,3.686
2021-08-05 16:00:00,3.6662
2021-08-08 16:00:00,3.5753
2021-08-09 16:00:00,3.5562
2021-08-10 16:00:00,3.5452
2021-08-11 16:00:00,3.5884
2021-08-12 16:00:00,3.5971
2021-08-15 16:00:00,3.6307
2021-08-16 16:00:00,3.6655
2021-08-17 16:00:00,3.6606
2021-08-18 16:00:00,3.6476
2021-08-19 16:00:00,3.6624
2021-08-22 16:00:00,3.6551
2021-08-23 16:00:00,3.6822
2021-08-24 16:00:00,3.6621
2021-08-25 16:00:00,3.651
2021-08-26 16:00:00,3.6813
2021-08-29 16:00:00,3.692
2021-08-30 16:00:00,3.6925
2021-08-31 16:00:00,3.6907
2021-09-01 16:00:00,3.6898
2021-09-02 16:00:00,3.6865
2021-09-05 16:00:00,3.7105
2021-09-06 16:00:00,3.7014
2021-09-07 16:00:00,3.6658
2021-09-08 16:00:00,3.6493
2021-09-09 16:00:00,3.6582
2021-09-12 16:00:00,3.6469
2021-09-13 16:00:00,3.6474
2021-09-14 16:00:00,3.6581
2021-09-15 16:00:00,3.6287
2021-09-16 16:00:00,3.5958
2021-09-21 16:00:00,3.6395
2021-09-22 16:00:00,3.6035
2021-09-23 16:00:00,3.5851
2021-09-26 16:00:00,3.5951
2021-09-27 16:00:00,3.5647
2021-09-28 16:00:00,3.555
2021-09-29 16:00:00,3.5404
2021-10-07 16:00:00,3.5769
2021-10-10 16:00:00,3.5695
2021-10-11 16:00:00,3.591
2021-10-12 16:00:00,3.5889
2021-10-13 16:00:00,3.6361
2021-10-14 16:00:00,3.6274
2021-10-17 16:00:00,3.581
2021-10-18 16:00:00,3.5956
2021-10-19 16:00:00,3.5835
2021-10-20 16:00:00,3.5988
2021-10-21 16:00:00,3.6152
2021-10-24 16:00:00,3.6111
2021-10-25 16:00:00,3.6203
2021-10-26 16:00:00,3.5913
2021-10-27 16:00:00,3.632
2021-10-28 16:00:00,3.6177
2021-10-31 16:00:00,3.6018
2021-11-01 16:00:00,3.6179
2021-11-02 16:00:00,3.5898
2021-11-03 16:00:00,3.5804
2021-11-04 16:00:00,3.6242
2021-11-07 16:00:00,3.6605
2021-11-08 16:00:00,3.673
2021-11-09 16:00:00,3.6708
2021-11-10 16:00:00,3.7344
2021-11-11 16:00:00,3.734
2021-11-14 16:00:00,3.7195
2021-11-15 16:00:00,3.7362
2021-11-16 16:00:00,3.7293
2021-11-17 16:00:00,3.7371
2021-11-18 16:00:00,3.7388
2021-11-21 16:00:00,3.6983
2021-11-22 16:00:00,3.6393
2021-11-23 16:00:00,3.6139
2021-11-24 16:00:00,3.6125
2021-11-25 16:00:00,3.6358
2021-11-28 16:00:00,3.6091
2021-11-29 16:00:00,3.5999
2021-11-30 16:00:00,3.5882
2021-12-01 16:00:00,3.571
2021-12-02 16:00:00,3.5671
2021-12-05 16:00:00,3.5946
2021-12-06 16:00:00,3.5895
2021-12-07 16:00:00,3.5919
2021-12-08 16:00:00,3.5815
2021-12-09 16:00:00,3.5735
2021-12-12 16:00:00,3.5897
2021-12-13 16:00:00,3.5907
2021-12-14 16:00:00,3.5546
2021-12-15 16:00:00,3.5878
2021-12-16 16:00:00,3.6331
2021-12-19 16:00:00,3.6234
2021-12-20 16:00:00,3.6028
2021-12-21 16:00:00,3.5921
2021-12-22 16:00:00,3.6311
2021-12-23 16:00:00,3.6393
2021-12-26 16:00:00,3.6351
2021-12-27 16:00:00,3.6475
2021-12-28 16:00:00,3.6286
2021-12-29 16:00:00,3.6108
2021-12-30 16:00:00,3.6503
2022-01-03 16:00:00,3.6253
2022-01-04 16:00:00,3.6403
2022-01-05 16:00:00,3.6208
2022-01-06 16:00:00,3.5967
2022-01-09 16:00:00,3.6014
2022-01-10 16:00:00,3.6324
2022-01-11 16:00:00,3.6446
2022-01-12 16:00:00,3.6542
2022-01-13 16:00:00,3.653
2022-01-16 16:00:00,3.6403
2022-01-17 16:00:00,3.6281
2022-01-18 16:00:00,3.6296
2022-01-19 16:00:00,3.6743
2022-01-20 16:00:00,3.6767
2022-01-23 16:00:00,3.6676
2022-01-24 16:00:00,3.6733
2022-01-25 16:00:00,3.6765
2022-01-26 16:00:00,3.6142
2022-01-27 16:00:00,3.602
2022-02-06 16:00:00,3.6241
2022-02-07 16:00:00,3.6412
2022-02-08 16:00:00,3.6583
2022-02-09 16:00:00,3.6664
2022-02-10 16:00:00,3.6483
2022-02-13 16:00:00,3.7072
2022-02-14 16:00:00,3.7475
2022-02-15 16:00:00,3.6978
2022-02-16 16:00:00,3.7303
2022-02-17 16:00:00,3.7613
2022-02-20 16:00:00,3.7593
2022-02-21 16:00:00,3.8093
2022-02-22 16:00:00,3.7702
2022-02-23 16:00:00,3.8549
2022-02-24 16:00:00,3.8011
2022-02-27 16:00:00,3.7725
2022-02-28 16:00:00,3.7841
2022-03-01 16:00:00,3.8499
2022-03-02 16:00:00,3.8234
2022-03-03 16:00:00,3.8432
2022-03-06 16:00:00,3.9162
2022-03-07 16:00:00,3.9983
2022-03-08 16:00:00,4.0485
2022-03-09 16:00:00,3.9218
2022-03-10 16:00:00,3.9364
2022-03-13 16:00:00,3.9078
2022-03-14 16:00:00,3.8396
2022-03-15 16:00:00,3.8162
2022-03-16 16:00:00,3.8432
2022-03-17 16:00:00,3.8583
2022-03-20 16:00:00,3.8389
2022-03-21 16:00:00,3.864
2022-03-22 16:00:00,3.8402
2022-03-23 16:00:00,3.881
2022-03-24 16:00:00,3.9002
2022-03-27 16:00:00,3.866
2022-03-28 16:00:00,3.8416
2022-03-29 16:00:00,3.8399
2022-03-30 16:00:00,3.8428
2022-03-31 16:00:00,3.8531
2022-04-05 16:00:00,3.8334
2022-04-06 16:00:00,3.844
2022-04-07 16:00:00,3.852
2022-04-10 16:00:00,3.8837
2022-04-11 16:00:00,3.9021
2022-04-12 16:00:00,3.9179
2022-04-13 16:00:00,3.9325
2022-04-14 16:00:00,3.9429
2022-04-17 16:00:00,3.9655
2022-04-18 16:00:00,3.9459
2022-04-19 16:00:00,3.8976
2022-04-20 16:00:00,3.9349
2022-04-21 16:00:00,3.9548
2022-04-24 16:00:00,3.9372
2022-04-25 16:00:00,3.9
2022-04-26 16:00:00,3.9046
2022-04-27 16:00:00,3.8977
2022-04-28 16:00:00,3.9488
2022-05-04 16:00:00,3.9242
2022-05-05 16:00:00,3.9271
2022-05-08 16:00:00,3.9348
2022-05-09 16:00:00,3.9207
2022-05-10 16:00:00,3.9011
2022-05-11 16:00:00,3.9238
2022-05-12 16:00:00,3.8875
2022-05-15 16:00:00,3.8611
2022-05-16 16:00:00,3.87
2022-05-17 16:00:00,3.8466
2022-05-18 16:00:00,3.8474
2022-05-19 16:00:00,3.8644
2022-05-22 16:00:00,3.88
2022-05-23 16:00:00,3.8904
2022-05-24 16:00:00,3.8907
2022-05-25 16:00:00,3.9053
2022-05-26 16:00:00,3.9211
2022-05-29 16:00:00,3.8879
2022-05-30 16:00:00,3.8806
2022-05-31 16:00:00,3.854
2022-06-01 16:00:00,3.8792
2022-06-05 16:00:00,3.8672
2022-06-06 16:00:00,3.8604
2022-06-07 16:00:00,3.8671
2022-06-08 16:00:00,3.8797
2022-06-09 16:00:00,3.8689
2022-06-12 16:00:00,3.9255
2022-06-13 16:00:00,3.8618
2022-06-14 16:00:00,3.8409
2022-06-15 16:00:00,3.8492
2022-06-16 16:00:00,3.8773
2022-06-19 16:00:00,3.8636
2022-06-20 16:00:00,3.8516
2022-06-21 16:00:00,3.8559
2022-06-22 16:00:00,3.8575
2022-06-23 16:00:00,3.8355
2022-06-26 16:00:00,3.8572
2022-06-27 16:00:00,3.8355
2022-06-28 16:00:00,3.8239
2022-06-29 16:00:00,3.8143
2022-06-30 16:00:00,3.7826
2022-07-03 16:00:00,3.8032
2022-07-04 16:00:00,3.7976
2022-07-05 16:00:00,3.7259
2022-07-06 16:00:00,3.6737
2022-07-07 16:00:00,3.663
2022-07-10 16:00:00,3.6659
2022-07-11 16:00:00,3.6732
2022-07-12 16:00:00,3.6483
2022-07-13 16:00:00,3.6445
2022-07-14 16:00:00,3.6208
2022-07-17 16:00:00,3.6411
2022-07-18 16:00:00,3.6258
2022-07-19 16:00:00,3.6256
2022-07-20 16:00:00,3.598
2022-07-21 16:00:00,3.6573
2022-07-24 16:00:00,3.6707
2022-07-25 16:00:00,3.6716
2022-07-26 16:00:00,3.6608
2022-07-27 16:00:00,3.6941
2022-07-28 16:00:00,3.7375
2022-07-31 16:00:00,3.7488
2022-08-01 16:00:00,3.7686
2022-08-02 16:00:00,3.7532
2022-08-03 16:00:00,3.7672
2022-08-04 16:00:00,3.7978
2022-08-07 16:00:00,3.7766
2022-08-08 16:00:00,3.7892
2022-08-09 16:00:00,3.7984
2022-08-10 16:00:00,3.7832
2022-08-11 16:00:00,3.7973
2022-08-14 16:00:00,3.8018
2022-08-15 16:00:00,3.7981
2022-08-16 16:00:00,3.7831
2022-08-17 16:00:00,3.7683
2022-08-18 16:00:00,3.7579
2022-08-21 16:00:00,3.7475
2022-08-22 16:00:00,3.7693
2022-08-23 16:00:00,3.7844
2022-08-24 16:00:00,3.7953
2022-08-25 16:00:00,3.7995
2022-08-28 16:00:00,3.7705
2022-08-29 16:00:00,3.7841
2022-08-30 16:00:00,3.7639
2022-08-31 16:00:00,3.7389
2022-09-01 16:00:00,3.7395
2022-09-04 16:00:00,3.7666
2022-09-05 16:00:00,3.7823
2022-09-06 16:00:00,3.769
2022-09-07 16:00:00,3.7917
2022-09-08 16:00:00,3.7955
2022-09-12 16:00:00,3.788
2022-09-13 16:00:00,3.7617
2022-09-14 16:00:00,3.749
2022-09-15 16:00:00,3.7419
2022-09-18 16:00:00,3.7385
2022-09-19 16:00:00,3.7509
2022-09-20 16:00:00,3.7622
2022-09-21 16:00:00,3.752
2022-09-22 16:00:00,3.7736
2022-09-25 16:00:00,3.7528
2022-09-26 16:00:00,3.7543
2022-09-27 16:00:00,3.7527
2022-09-28 16:00:00,3.7834
2022-09-29 16:00:00,3.7931
2022-10-09 16:00:00,3.817
2022-10-10 16:00:00,3.8122
2022-10-11 16:00:00,3.8176
2022-10-12 16:00:00,3.8201
2022-10-13 16:00:00,3.8163
2022-10-16 16:00:00,3.8019
2022-10-17 16:00:00,3.8002
2022-10-18 16:00:00,3.7925
2022-10-19 16:00:00,3.7787
2022-10-20 16:00:00,3.7819
2022-10-23 16:00:00,3.8244
2022-10-24 16:00:00,3.8276
2022-10-25 16:00:00,3.8303
2022-10-26 16:00:00,3.8226
2022-10-27 16:00:00,3.8166
2022-10-30 16:00:00,3.8087
2022-10-31 16:00:00,3.8109
2022-11-01 16:00:00,3.8168
2022-11-02 16:00:00,3.8107
2022-11-03 16:00:00,3.8176
2022-11-06 16:00:00,3.835
2022-11-07 16:00:00,3.8416
2022-11-08 16:00:00,3.9228
2022-11-09 16:00:00,3.913
2022-11-10 16:00:00,3.9582
2022-11-13 16:00:00,3.9123
2022-11-14 16:00:00,3.9365
2022-11-15 16:00:00,3.9537
2022-11-16 16:00:00,3.959
2022-11-17 16:00:00,3.9521
2022-11-20 16:00:00,3.9336
2022-11-21 16:00:00,3.9357
2022-11-22 16:00:00,3.93
2022-11-23 16:00:00,3.945
2022-11-24 16:00:00,3.9486
2022-11-27 16:00:00,3.9541
2022-11-28 16:00:00,3.9521
2022-11-29 16:00:00,3.9431
2022-11-30 16:00:00,3.9596
2022-12-01 16:00:00,3.9839
2022-12-04 16:00:00,3.9469
2022-12-05 16:00:00,3.9215
2022-12-06 16:00:00,3.9103
2022-12-07 16:00:00,3.9201
2022-12-08 16:00:00,3.9327
2022-12-11 16:00:00,3.9227
2022-12-12 16:00:00,3.9352
2022-12-13 16:00:00,3.9739
2022-12-14 16:00:00,3.9293
2022-12-15 16:00:00,3.9224
2022-12-18 16:00:00,3.9427
2022-12-19 16:00:00,3.9426
2022-12-20 16:00:00,3.9831
2022-12-21 16:00:00,3.9828
2022-12-22 16:00:00,3.9735
2022-12-25 16:00:00,3.959
2022-12-26 16:00:00,3.9634
2022-12-27 16:00:00,3.9732
2022-12-28 16:00:00,3.9558
2022-12-29 16:00:00,3.9877
2022-12-30 16:00:00,3.9876
2023-01-02 16:00:00,4.0047
2023-01-03 16:00:00,4.02
2023-01-04 16:00:00,4.0093
2023-01-05 16:00:00,3.9765
2023-01-08 16:00:00,4.0158
2023-01-09 16:00:00,4.0227
2023-01-10 16:00:00,4.0311
2023-01-11 16:00:00,4.025
2023-01-12 16:00:00,4.0256
2023-01-15 16:00:00,4.0524
2023-01-16 16:00:00,4.0619
2023-01-17 16:00:00,4.0622
2023-01-18 16:00:00,4.0716
2023-01-19 16:00:00,4.1027
2023-01-29 16:00:00,4.1045
2023-01-30 16:00:00,4.0626
2023-01-31 16:00:00,4.0947
2023-02-01 16:00:00,4.1351
2023-02-02 16:00:00,4.074
2023-02-05 16:00:00,4.021
2023-02-06 16:00:00,4.0109
2023-02-07 16:00:00,4.0152
2023-02-08 16:00:00,4.0256
2023-02-09 16:00:00,4.0074
2023-02-12 16:00:00,4.0187
2023-02-13 16:00:00,4.0114
2023-02-14 16:00:00,4.0049
2023-02-15 16:00:00,4.001
2023-02-16 16:00:00,3.9947
2023-02-19 16:00:00,4.012
2023-02-20 16:00:00,3.999
2023-02-21 16:00:00,4.0202
2023-02-22 16:00:00,4.0084
2023-02-23 16:00:00,4.0199
2023-02-26 16:00:00,4.0105
2023-02-27 16:00:00,4.0072
2023-02-28 16:00:00,4.027
2023-03-01 16:00:00,4.0226
2023-03-02 16:00:00,4.0411
2023-03-05 16:00:00,4.0801
2023-03-06 16:00:00,4.0753
2023-03-07 16:00:00,4.0314
2023-03-08 16:00:00,4.0336
2023-03-09 16:00:00,4.0556
2023-03-12 16:00:00,4.0915
2023-03-13 16:00:00,4.1452
2023-03-14 16:00:00,4.141
2023-03-15 16:00:00,4.1772
2023-03-16 16:00:00,4.1977
2023-03-19 16:00:00,4.3599
2023-03-20 16:00:00,4.2842
2023-03-21 16:00:00,4.2141
2023-03-22 16:00:00,4.2534
2023-03-23 16:00:00,4.2673
2023-03-26 16:00:00,4.2436
2023-03-27 16:00:00,4.2298
2023-03-28 16:00:00,4.2414
2023-03-29 16:00:00,4.2431
2023-03-30 16:00:00,4.2775
2023-04-02 16:00:00,4.2273
2023-04-03 16:00:00,4.2655
2023-04-05 16:00:00,4.3351
2023-04-06 16:00:00,4.3274
2023-04-09 16:00:00,4.2927
2023-04-10 16:00:00,4.3107
2023-04-11 16:00:00,4.3412
2023-04-12 16:00:00,4.3462
2023-04-13 16:00:00,4.3607
2023-04-16 16:00:00,4.3226
2023-04-17 16:00:00,4.3057
2023-04-18 16:00:00,4.304
2023-04-19 16:00:00,4.31
2023-04-20 16:00:00,4.2935
2023-04-23 16:00:00,4.2856
2023-04-24 16:00:00,4.3221
2023-04-25 16:00:00,4.3269
2023-04-26 16:00:00,4.3345
2023-04-27 16:00:00,4.302
2023-05-03 16:00:00,4.3932
2023-05-04 16:00:00,4.4138
2023-05-07 16:00:00,4.3689
2023-05-08 16:00:00,4.3771
2023-05-09 16:00:00,4.3912
2023-05-10 16:00:00,4.3937
2023-05-11 16:00:00,4.3699
2023-05-14 16:00:00,4.3865
2023-05-15 16:00:00,4.3751
2023-05-16 16:00:00,4.3577
2023-05-17 16:00:00,4.3512
2023-05-18 16:00:00,4.3339
2023-05-21 16:00:00,4.3504
2023-05-22 16:00:00,4.3269
2023-05-23 16:00:00,4.3546
2023-05-24 16:00:00,4.3424
2023-05-25 16:00:00,4.3195
2023-05-28 16:00:00,4.3125
2023-05-29 16:00:00,4.3048
2023-05-30 16:00:00,4.3614
2023-05-31 16:00:00,4.3577
2023-06-01 16:00:00,4.3759
2023-06-04 16:00:00,4.3293
2023-06-05 16:00:00,4.3554
2023-06-06 16:00:00,4.3581
2023-06-07 16:00:00,4.3416
2023-06-08 16:00:00,4.3734
2023-06-11 16:00:00,4.3788
2023-06-12 16:00:00,4.3958
2023-06-13 16:00:00,4.3668
2023-06-14 16:00:00,4.3292
2023-06-15 16:00:00,4.3654
2023-06-18 16:00:00,4.3678
2023-06-19 16:00:00,4.3754
2023-06-20 16:00:00,4.3638
2023-06-25 16:00:00,4.3571
2023-06-26 16:00:00,4.3566
2023-06-27 16:00:00,4.333
2023-06-28 16:00:00,4.3357
2023-06-29 16:00:00,4.3491
2023-07-02 16:00:00,4.359
2023-07-03 16:00:00,4.3635
2023-07-04 16:00:00,4.3708
2023-07-05 16:00:00,4.3675
2023-07-06 16:00:00,4.3626
2023-07-09 16:00:00,4.3763
2023-07-10 16:00:00,4.3658
2023-07-11 16:00:00,4.3754
2023-07-12 16:00:00,4.4105
2023-07-13 16:00:00,4.3875
2023-07-16 16:00:00,4.4032
2023-07-17 16:00:00,4.4242
2023-07-18 16:00:00,4.4807
2023-07-19 16:00:00,4.4687
2023-07-20 16:00:00,4.4434
2023-07-23 16:00:00,4.4461
2023-07-24 16:00:00,4.4164
2023-07-25 16:00:00,4.4395
2023-07-26 16:00:00,4.4479
2023-07-27 16:00:00,4.4171
2023-07-30 16:00:00,4.4138
2023-07-31 16:00:00,4.4243
2023-08-01 16:00:00,4.4277
2023-08-02 16:00:00,4.4073
2023-08-03 16:00:00,4.4006
2023-08-06 16:00:00,4.409
2023-08-07 16:00:00,4.4084
2023-08-08 16:00:00,4.4103
2023-08-09 16:00:00,4.3964
2023-08-10 16:00:00,4.4121
2023-08-13 16:00:00,4.4191
2023-08-14 16:00:00,4.4192
2023-08-15 16:00:00,4.4269
2023-08-16 16:00:00,4.426
2023-08-17 16:00:00,4.42
2023-08-20 16:00:00,4.4375
2023-08-21 16:00:00,4.4365
2023-08-22 16:00:00,4.4414
2023-08-23 16:00:00,4.4547
2023-08-24 16:00:00,4.4476
2023-08-27 16:00:00,4.4487
2023-08-28 16:00:00,4.4605
2023-08-29 16:00:00,4.4758
2023-08-30 16:00:00,4.497
2023-08-31 16:00:00,4.4935
2023-09-03 16:00:00,4.5099
2023-09-04 16:00:00,4.5133
2023-09-05 16:00:00,4.4967
2023-09-06 16:00:00,4.4991
2023-09-07 16:00:00,4.5308
2023-09-10 16:00:00,4.5347
2023-09-11 16:00:00,4.5472
2023-09-12 16:00:00,4.5551
2023-09-13 16:00:00,4.5984
2023-09-14 16:00:00,4.5493
2023-09-17 16:00:00,4.5446
2023-09-18 16:00:00,4.5647
2023-09-19 16:00:00,4.5721
2023-09-20 16:00:00,4.58
2023-09-21 16:00:00,4.569
2023-09-24 16:00:00,4.6073
2023-09-25 16:00:00,4.591
2023-09-26 16:00:00,4.4817
2023-09-27 16:00:00,4.3306
2023-10-08 16:00:00,4.2426
2023-10-09 16:00:00,4.3568
2023-10-10 16:00:00,4.362
2023-10-11 16:00:00,4.3683
2023-10-12 16:00:00,4.3952
2023-10-15 16:00:00,4.4568
2023-10-16 16:00:00,4.4793
2023-10-17 16:00:00,4.5122
2023-10-18 16:00:00,4.5405
2023-10-19 16:00:00,4.5977
2023-10-22 16:00:00,4.5742
2023-10-23 16:00:00,4.5819
2023-10-24 16:00:00,4.5601
2023-10-25 16:00:00,4.5897
2023-10-26 16:00:00,4.6054
2023-10-29 16:00:00,4.6165
2023-10-30 16:00:00,4.6159
2023-10-31 16:00:00,4.6018
2023-11-01 16:00:00,4.6106
2023-11-02 16:00:00,4.6165
2023-11-05 16:00:00,4.5941
2023-11-06 16:00:00,4.5638
2023-11-07 16:00:00,4.55
2023-11-08 16:00:00,4.528
2023-11-09 16:00:00,4.5445
2023-11-12 16:00:00,4.5391
2023-11-13 16:00:00,4.5568
2023-11-14 16:00:00,4.5643
2023-11-15 16:00:00,4.5578
2023-11-16 16:00:00,4.565
2023-11-19 16:00:00,4.5147
2023-11-20 16:00:00,4.5178
2023-11-21 16:00:00,4.5076
2023-11-22 16:00:00,4.5005
2023-11-23 16:00:00,4.5007
2023-11-26 16:00:00,4.5467
2023-11-27 16:00:00,4.5611
2023-11-28 16:00:00,4.5886
2023-11-29 16:00:00,4.5868
2023-11-30 16:00:00,4.5895
2023-12-03 16:00:00,4.6483
2023-12-04 16:00:00,4.5854
2023-12-05 16:00:00,4.5831
2023-12-06 16:00:00,4.5903
2023-12-07 16:00:00,4.5869
2023-12-10 16:00:00,4.5409
2023-12-11 16:00:00,4.5255
2023-12-12 16:00:00,4.5086
2023-12-13 16:00:00,4.5956
2023-12-14 16:00:00,4.5858
2023-12-17 16:00:00,4.5839
2023-12-18 16:00:00,4.5855
2023-12-19 16:00:00,4.6107
2023-12-20 16:00:00,4.6005
2023-12-21 16:00:00,4.6306
2023-12-24 16:00:00,4.6336
2023-12-25 16:00:00,4.6479
2023-12-26 16:00:00,4.6641
2023-12-27 16:00:00,4.6644
2023-12-28 16:00:00,4.6391
2023-12-30 16:00:00,4.6391
2024-01-01 16:00:00,4.6782
2024-01-02 16:00:00,4.6573
2024-01-03 16:00:00,4.6467
2024-01-04 16:00:00,4.6429
2024-01-07 16:00:00,4.6331
2024-01-08 16:00:00,4.6297
2024-01-09 16:00:00,4.6242
2024-01-10 16:00:00,4.6253
2024-01-11 16:00:00,4.6347
2024-01-14 16:00:00,4.6756
2024-01-15 16:00:00,4.6685
2024-01-16 16:00:00,4.6164
2024-01-17 16:00:00,4.6038
2024-01-18 16:00:00,4.6376
2024-01-21 16:00:00,4.6267
2024-01-22 16:00:00,4.6278
2024-01-23 16:00:00,4.6228
2024-01-24 16:00:00,4.6013
2024-01-25 16:00:00,4.6346
2024-01-28 16:00:00,4.6339
2024-01-29 16:00:00,4.6431
2024-01-30 16:00:00,4.6417
2024-01-31 16:00:00,4.6417
2024-02-01 16:00:00,4.6758
2024-02-04 16:00:00,4.6329
2024-02-05 16:00:00,4.6299
2024-02-06 16:00:00,4.6421
2024-02-07 16:00:00,4.6469
2024-02-18 16:00:00,4.6362
2024-02-19 16:00:00,4.6375
2024-02-20 16:00:00,4.6367
2024-02-21 16:00:00,4.6342
2024-02-22 16:00:00,4.6193
2024-02-25 16:00:00,4.6458
2024-02-26 16:00:00,4.6528
2024-02-27 16:00:00,4.6412
2024-02-28 16:00:00,4.6495
2024-02-29 16:00:00,4.6731
2024-03-03 16:00:00,4.7271
2024-03-04 16:00:00,4.7996
2024-03-05 16:00:00,4.831
2024-03-06 16:00:00,4.8825
2024-03-07 16:00:00,4.8896
2024-03-10 16:00:00,4.9035
2024-03-11 16:00:00,4.8838
2024-03-12 16:00:00,4.8793
2024-03-13 16:00:00,4.8833
2024-03-14 16:00:00,4.9016
2024-03-17 16:00:00,4.8644
2024-03-18 16:00:00,4.872
2024-03-19 16:00:00,4.8829
2024-03-20 16:00:00,4.9767
2024-03-21 16:00:00,4.9403
2024-03-24 16:00:00,4.9397
2024-03-25 16:00:00,4.9529
2024-03-26 16:00:00,4.9859
2024-03-27 16:00:00,5.0134
2024-03-28 16:00:00,5.0978
2024-03-31 16:00:00,5.1574
2024-04-01 16:00:00,5.1579
2024-04-02 16:00:00,5.1937
2024-04-07 16:00:00,5.3536
2024-04-08 16:00:00,5.367
2024-04-09 16:00:00,5.3901
2024-04-10 16:00:00,5.3537
2024-04-11 16:00:00,5.4797
2024-04-14 16:00:00,5.3974
2024-04-15 16:00:00,5.4341
2024-04-16 16:00:00,5.4529
2024-04-17 16:00:00,5.4422
2024-04-18 16:00:00,5.4633
2024-04-21 16:00:00,5.3764
2024-04-22 16:00:00,5.2552
2024-04-23 16:00:00,5.2964
2024-04-24 16:00:00,5.2943
2024-04-25 16:00:00,5.3404
2024-04-28 16:00:00,5.3025
2024-04-29 16:00:00,5.2714
2024-05-05 16:00:00,5.2547
2024-05-06 16:00:00,5.2616
2024-05-07 16:00:00,5.2551
2024-05-08 16:00:00,5.2478
2024-05-09 16:00:00,5.3719
2024-05-12 16:00:00,5.3399
2024-05-13 16:00:00,5.3172
2024-05-14 16:00:00,5.3683
2024-05-15 16:00:00,5.4103
2024-05-16 16:00:00,5.4207
2024-05-19 16:00:00,5.5395
2024-05-20 16:00:00,5.4929
2024-05-21 16:00:00,5.4894
2024-05-22 16:00:00,5.3748
2024-05-23 16:00:00,5.3233
2024-05-26 16:00:00,5.3248
2024-05-27 16:00:00,5.3354
2024-05-28 16:00:00,5.3648
2024-05-29 16:00:00,5.3257
2024-05-30 16:00:00,5.3438
2024-06-02 16:00:00,5.301
2024-06-03 16:00:00,5.3424
2024-06-04 16:00:00,5.311
2024-06-05 16:00:00,5.3988
2024-06-06 16:00:00,5.404
2024-06-10 16:00:00,5.2497
2024-06-11 16:00:00,5.2692
2024-06-12 16:00:00,5.2719
2024-06-13 16:00:00,5.2716
2024-06-16 16:00:00,5.282
2024-06-17 16:00:00,5.2849
2024-06-18 16:00:00,5.3081
2024-06-19 16:00:00,5.3494
2024-06-20 16:00:00,5.3678
2024-06-23 16:00:00,5.3071
2024-06-24 16:00:00,5.3044
2024-06-25 16:00:00,5.2699
2024-06-26 16:00:00,5.2476
2024-06-27 16:00:00,5.3054
2024-06-29 16:00:00,5.3053
2024-06-30 16:00:00,5.2987
2024-07-01 16:00:00,5.3015
2024-07-02 16:00:00,5.3464
2024-07-03 16:00:00,5.3685
2024-07-04 16:00:00,5.383
2024-07-07 16:00:00,5.395
2024-07-08 16:00:00,5.3629
2024-07-09 16:00:00,5.4104
2024-07-10 16:00:00,5.4193
2024-07-11 16:00:00,5.4337
2024-07-14 16:00:00,5.4373
2024-07-15 16:00:00,5.5062
2024-07-16 16:00:00,5.5693
2024-07-17 16:00:00,5.571
2024-07-18 16:00:00,5.4201
2024-07-21 16:00:00,5.4334
2024-07-22 16:00:00,5.4013
2024-07-23 16:00:00,5.4625
2024-07-24 16:00:00,5.3276
2024-07-25 16:00:00,5.3573
2024-07-28 16:00:00,5.3889
2024-07-29 16:00:00,5.3878
2024-07-30 16:00:00,5.4319
2024-07-31 16:00:00,5.4834
2024-08-01 16:00:00,5.508
2024-08-04 16:00:00,5.4068
2024-08-05 16:00:00,5.3448
2024-08-06 16:00:00,5.3488
2024-08-07 16:00:00,5.3532
2024-08-08 16:00:00,5.4088
2024-08-11 16:00:00,5.439
2024-08-12 16:00:00,5.4751
2024-08-13 16:00:00,5.4641
2024-08-14 16:00:00,5.4539
2024-08-15 16:00:00,5.4585
2024-08-18 16:00:00,5.5171
2024-08-19 16:00:00,5.5217
2024-08-20 16:00:00,5.5385
2024-08-21 16:00:00,5.5229
2024-08-22 16:00:00,5.5099
2024-08-25 16:00:00,5.5415
2024-08-26 16:00:00,5.5328
2024-08-27 16:00:00,5.5264
2024-08-28 16:00:00,5.5414
2024-08-29 16:00:00,5.5273
2024-09-01 16:00:00,5.5006
2024-09-02 16:00:00,5.5081
2024-09-03 16:00:00,5.47
2024-09-04 16:00:00,5.5108
2024-09-05 16:00:00,5.5209
2024-09-08 16:00:00,5.4958
2024-09-09 16:00:00,5.5195
2024-09-10 16:00:00,5.5484
2024-09-11 16:00:00,5.5412
2024-09-12 16:00:00,5.6138
2024-09-17 16:00:00,5.6081
2024-09-18 16:00:00,5.6182
2024-09-19 16:00:00,5.6686
2024-09-22 16:00:00,5.706
2024-09-23 16:00:00,5.704
2024-09-24 16:00:00,5.7389
2024-09-25 16:00:00,5.7531
2024-09-26 16:00:00,5.7532
2024-09-29 16:00:00,5.7344
2024-10-07 16:00:00,5.7161
2024-10-08 16:00:00,5.6699
2024-10-09 16:00:00,5.6915
2024-10-10 16:00:00,5.7531
2024-10-13 16:00:00,5.7867
2024-10-14 16:00:00,5.81
2024-10-15 16:00:00,5.8744
2024-10-16 16:00:00,5.9004
2024-10-17 16:00:00,5.9406
2024-10-20 16:00:00,6.0098
2024-10-21 16:00:00,6.0188
2024-10-22 16:00:00,6.0542
2024-10-23 16:00:00,5.9995
2024-10-24 16:00:00,5.9845
2024-10-27 16:00:00,6.0145
2024-10-28 16:00:00,6.0611
2024-10-29 16:00:00,6.1308
2024-10-30 16:00:00,6.1043
2024-10-31 16:00:00,6.0432
2024-11-03 16:00:00,6.0025
2024-11-04 16:00:00,6.0052
2024-11-05 16:00:00,6.0139
2024-11-06 16:00:00,5.8726
2024-11-07 16:00:00,5.8999
2024-11-10 16:00:00,5.9039
2024-11-11 16:00:00,5.8032
2024-11-12 16:00:00,5.8053
2024-11-13 16:00:00,5.6902
2024-11-14 16:00:00,5.6981
2024-11-17 16:00:00,5.7638
2024-11-18 16:00:00,5.8451
2024-11-19 16:00:00,5.852
2024-11-20 16:00:00,5.9327
2024-11-21 16:00:00,6.0047
2024-11-24 16:00:00,5.9331
2024-11-25 16:00:00,5.8415
2024-11-26 16:00:00,5.9066
2024-11-27 16:00:00,5.887
2024-11-28 16:00:00,5.9168
2024-12-01 16:00:00,5.9001
2024-12-02 16:00:00,5.9341
2024-12-03 16:00:00,5.9258
2024-12-04 16:00:00,5.9271
2024-12-05 16:00:00,5.9086
2024-12-08 16:00:00,5.9387
2024-12-09 16:00:00,5.9615
2024-12-10 16:00:00,6.0109
2024-12-11 16:00:00,6.0496
2024-12-12 16:00:00,5.9882
2024-12-15 16:00:00,5.9485
2024-12-16 16:00:00,5.9472
2024-12-17 16:00:00,5.9306
2024-12-18 16:00:00,5.9114
2024-12-19 16:00:00,5.8854
2024-12-22 16:00:00,5.9483
2024-12-23 16:00:00,5.9284
2024-12-24 16:00:00,5.9325
2024-12-25 16:00:00,5.9445
2024-12-26 16:00:00,5.949
2024-12-29 16:00:00,5.929
2024-12-30 16:00:00,5.9127
2025-01-01 16:00:00,5.9815
2025-01-02 16:00:00,6.0283
2025-01-05 16:00:00,6.0035
2025-01-06 16:00:00,6.0099
2025-01-07 16:00:00,6.0418
2025-01-08 16:00:00,6.0611
2025-01-09 16:00:00,6.0941
2025-01-12 16:00:00,6.1234
2025-01-13 16:00:00,6.0805
2025-01-14 16:00:00,6.1001
2025-01-15 16:00:00,6.1245
2025-01-16 16:00:00,6.1302
2025-01-19 16:00:00,6.1281
2025-01-20 16:00:00,6.1424
2025-01-21 16:00:00,6.1855
2025-01-22 16:00:00,6.1908
2025-01-23 16:00:00,6.2045
2025-01-26 16:00:00,6.1816
2025-02-04 16:00:00,6.4182
2025-02-05 16:00:00,6.4135
2025-02-06 16:00:00,6.4288
2025-02-09 16:00:00,6.5306
2025-02-10 16:00:00,6.5686
2025-02-11 16:00:00,6.536
2025-02-12 16:00:00,6.571
2025-02-13 16:00:00,6.5971
2025-02-16 16:00:00,6.4981
2025-02-17 16:00:00,6.5607
2025-02-18 16:00:00,6.5994
2025-02-19 16:00:00,6.621
2025-02-20 16:00:00,6.5662
2025-02-23 16:00:00,6.586
2025-02-24 16:00:00,6.5818
2025-02-25 16:00:00,6.5256
2025-02-26 16:00:00,6.4984
2025-02-27 16:00:00,6.4438
2025-03-02 16:00:00,6.452
2025-03-03 16:00:00,6.5288
2025-03-04 16:00:00,6.5465
2025-03-05 16:00:00,6.5278
2025-03-06 16:00:00,6.5255
2025-03-09 16:00:00,6.5493
2025-03-10 16:00:00,6.4993
2025-03-11 16:00:00,6.525
2025-03-12 16:00:00,6.5668
2025-03-13 16:00:00,6.6532
2025-03-16 16:00:00,6.6776
2025-03-17 16:00:00,6.7289
2025-03-18 16:00:00,6.7946
2025-03-19 16:00:00,6.8093
2025-03-20 16:00:00,6.7841
2025-03-23 16:00:00,6.7776
2025-03-24 16:00:00,6.765
2025-03-25 16:00:00,6.7952
2025-03-26 16:00:00,6.8089
2025-03-27 16:00:00,6.9223
2025-03-30 16:00:00,7.0151
2025-03-31 16:00:00,7.0639
2025-04-01 16:00:00,7.0324
2025-04-02 16:00:00,7.0914
2025-04-06 16:00:00,6.8615
2025-04-07 16:00:00,6.8873
2025-04-08 16:00:00,6.994
2025-04-09 16:00:00,7.1149
2025-04-10 16:00:00,7.2666
2025-04-13 16:00:00,7.3165
2025-04-14 16:00:00,7.3213
2025-04-15 16:00:00,7.5003
2025-04-16 16:00:00,7.5437
2025-04-17 16:00:00,7.5685
2025-04-20 16:00:00,7.7163
2025-04-21 16:00:00,7.9238
2025-04-22 16:00:00,7.553
2025-04-23 16:00:00,7.6049
2025-04-24 16:00:00,7.5394
2025-04-27 16:00:00,7.4695
2025-04-28 16:00:00,7.4858
2025-04-29 16:00:00,7.4864
2025-05-05 16:00:00,7.6008
2025-05-06 16:00:00,7.6612
2025-05-07 16:00:00,7.5469
2025-05-08 16:00:00,7.5352
2025-05-11 16:00:00,7.2835
2025-05-12 16:00:00,7.3273
2025-05-13 16:00:00,7.2758
2025-05-14 16:00:00,7.0595
2025-05-15 16:00:00,7.1608
2025-05-18 16:00:00,7.237
2025-05-19 16:00:00,7.2276
2025-05-20 16:00:00,7.422
2025-05-21 16:00:00,7.466
2025-05-22 16:00:00,7.4457
2025-05-25 16:00:00,7.4223
2025-05-26 16:00:00,7.3727
2025-05-27 16:00:00,7.3818
2025-05-28 16:00:00,7.3171
2025-05-29 16:00:00,7.373
2025-06-02 16:00:00,7.4668
2025-06-03 16:00:00,7.4749
2025-06-04 16:00:00,7.4918
2025-06-05 16:00:00,7.4791
2025-06-08 16:00:00,7.4055
2025-06-09 16:00:00,7.4089
2025-06-10 16:00:00,7.4284
2025-06-11 16:00:00,7.4845
2025-06-12 16:00:00,7.5946
2025-06-15 16:00:00,7.5576
2025-06-16 16:00:00,7.5092
2025-06-17 16:00:00,7.4963
2025-06-18 16:00:00,7.4538
2025-06-19 16:00:00,7.4533
2025-06-22 16:00:00,7.4586
2025-06-23 16:00:00,7.3714
2025-06-24 16:00:00,7.3957
2025-06-25 16:00:00,7.4162
2025-06-26 16:00:00,7.3172
2025-06-29 16:00:00,7.3274
2025-06-30 16:00:00,7.4083
2025-07-01 16:00:00,7.3876
2025-07-02 16:00:00,7.4395
2025-07-03 16:00:00,7.3987
2025-07-06 16:00:00,7.3587
2025-07-07 16:00:00,7.3943
2025-07-08 16:00:00,7.3166
2025-07-09 16:00:00,7.3773
2025-07-10 16:00:00,7.3765
2025-07-13 16:00:00,7.4502
2025-07-14 16:00:00,7.437
2025-07-15 16:00:00,7.4022
2025-07-16 16:00:00,7.3879
2025-07-17 16:00:00,7.4125
2025-07-20 16:00:00,7.449
2025-07-21 16:00:00,7.4778
2025-07-22 16:00:00,7.5557
2025-07-23 16:00:00,7.4296
2025-07-24 16:00:00,7.4182
2025-07-27 16:00:00,7.3948
2025-07-28 16:00:00,7.3554
2025-07-29 16:00:00,7.3743
2025-07-30 16:00:00,7.3519
2025-07-31 16:00:00,7.3512
2025-08-03 16:00:00,7.4344
2025-08-04 16:00:00,7.4711
2025-08-05 16:00:00,7.4642
2025-08-06 16:00:00,7.4921
2025-08-07 16:00:00,7.5026
2025-08-10 16:00:00,7.4293
2025-08-11 16:00:00,7.4093
2025-08-12 16:00:00,7.4233
2025-08-13 16:00:00,7.4242
2025-08-14 16:00:00,7.4096
2025-08-17 16:00:00,7.418
2025-08-18 16:00:00,7.4044
2025-08-19 16:00:00,7.3774
2025-08-20 16:00:00,7.3942
2025-08-21 16:00:00,7.3928
2025-08-24 16:00:00,7.4303
2025-08-25 16:00:00,7.4421
2025-08-26 16:00:00,7.4513
2025-08-27 16:00:00,7.4682
2025-08-28 16:00:00,7.4858
2025-08-31 16:00:00,7.6091
2025-09-01 16:00:00,7.6597
2025-09-02 16:00:00,7.7461
2025-09-03 16:00:00,7.7479
2025-09-04 16:00:00,7.7698
2025-09-07 16:00:00,7.8621
2025-09-08 16:00:00,7.9653
2025-09-09 16:00:00,7.9437
2025-09-10 16:00:00,7.9128
2025-09-11 16:00:00,7.9498
2025-09-14 16:00:00,7.9284
2025-09-15 16:00:00,8.0289
2025-09-16 16:00:00,7.9631
2025-09-17 16:00:00,7.8934
2025-09-18 16:00:00,7.9135
2025-09-21 16:00:00,8.0354
2025-09-22 16:00:00,8.1421
2025-09-23 16:00:00,8.1992
2025-09-24 16:00:00,8.1521
2025-09-25 16:00:00,8.164
2025-09-28 16:00:00,8.2581
2025-09-29 16:00:00,8.3439
2025-10-08 16:00:00,8.722
2025-10-09 16:00:00,8.5894
2025-10-12 16:00:00,8.8669
2025-10-13 16:00:00,9.0011
2025-10-14 16:00:00,9.1758
2025-10-15 16:00:00,9.2629
2025-10-16 16:00:00,9.5404
2025-10-19 16:00:00,9.3213
2025-10-20 16:00:00,9.444
2025-10-21 16:00:00,9.0771
2025-10-22 16:00:00,9.0041
2025-10-23 16:00:00,8.9504
2025-10-26 16:00:00,8.9039
2025-10-27 16:00:00,8.5774
2025-10-28 16:00:00,8.7325
2025-10-29 16:00:00,8.675
2025-10-30 16:00:00,8.8145
2025-11-02 16:00:00,8.7998
2025-11-03 16:00:00,8.7661
2025-11-04 16:00:00,8.7038
2025-11-05 16:00:00,8.78
2025-11-06 16:00:00,8.7803
2025-11-09 16:00:00,8.9401
2025-11-10 16:00:00,9.0549
2025-11-11 16:00:00,9.0361
2025-11-12 16:00:00,9.1725
2025-11-13 16:00:00,9.0665
2025-11-16 16:00:00,8.9068
2025-11-17 16:00:00,8.7685
2025-11-18 16:00:00,8.9437
2025-11-19 16:00:00,8.8924
2025-11-20 16:00:00,8.8395
2025-11-23 16:00:00,8.8539
2025-11-24 16:00:00,9.0021
2025-11-25 16:00:00,8.9984
2025-11-26 16:00:00,9.0251
2025-11-27 16:00:00,9.0649
2025-11-30 16:00:00,9.1631
2025-12-01 16:00:00,9.1289
2025-12-02 16:00:00,9.0827
2025-12-03 16:00:00,9.0754
2025-12-04 16:00:00,9.1437
2025-12-07 16:00:00,9.1204
2025-12-08 16:00:00,9.0537
2025-12-09 16:00:00,9.0897
2025-12-10 16:00:00,9.1037
2025-12-11 16:00:00,9.2167
2025-12-14 16:00:00,9.3363
2025-12-15 16:00:00,9.2224
2025-12-16 16:00:00,9.2968
2025-12-17 16:00:00,9.3237
2025-12-18 16:00:00,9.3232
2025-12-21 16:00:00,9.4876
2025-12-22 16:00:00,9.6222
2025-12-23 16:00:00,9.63
2025-12-24 16:00:00,9.5845
2025-12-25 16:00:00,9.6229
2025-12-28 16:00:00,9.5938
2025-12-29 16:00:00,9.3824
2025-12-30 16:00:00,9.3153
2026-01-04 16:00:00,9.4928
2026-01-05 16:00:00,9.5829
2026-01-06 16:00:00,9.551
2026-01-07 16:00:00,9.5177
2026-01-08 16:00:00,9.5869
2026-01-11 16:00:00,9.7796
2026-01-12 16:00:00,9.7921
2026-01-13 16:00:00,9.9157
2026-01-14 16:00:00,9.88
2026-01-15 16:00:00,9.8642
2026-01-18 16:00:00,9.9887
2026-01-19 16:00:00,10.0908
2026-01-20 16:00:00,10.3903
2026-01-21 16:00:00,10.3509
2026-01-22 16:00:00,10.6045
2026-01-25 16:00:00,10.9301
2026-01-26 16:00:00,10.9271
2026-01-27 16:00:00,11.3162
2026-01-28 16:00:00,11.8713
2026-01-29 16:00:00,11.1167
2026-02-01 16:00:00,9.8372
2026-02-02 16:00:00,10.4832
2026-02-03 16:00:00,10.8878
2026-02-04 16:00:00,10.5557
2026-02-05 16:00:00,10.4441
2026-02-08 16:00:00,10.6557
2026-02-09 16:00:00,10.6621
2026-02-10 16:00:00,10.7222
2026-02-11 16:00:00,10.7173
2026-02-12 16:00:00,10.5872
2026-02-23 16:00:00,10.9551
2026-02-24 16:00:00,10.9353
2026-02-25 16:00:00,10.9244
2026-02-26 16:00:00,10.9095
2026-03-01 16:00:00,11.4475
2026-03-02 16:00:00,11.2816
2026-03-03 16:00:00,11.006
2026-03-04 16:00:00,10.9718
2026-03-05 16:00:00,10.8735
2026-03-08 16:00:00,10.8829
2026-03-09 16:00:00,10.9249
2026-03-10 16:00:00,10.9786
2026-03-11 16:00:00,10.9404
2026-03-12 16:00:00,10.7938
